{
    "eval_loss": 0.7017006278038025,
    "eval_model_preparation_time": 0.0017,
    "eval_accuracy": 0.4870410367170626,
    "eval_precision": 0.8787878787878788,
    "eval_recall": 0.058,
    "eval_f1": 0.10881801125703565,
    "eval_matthews_correlation": 0.130687984294514,
    "eval_runtime": 1.6657,
    "eval_samples_per_second": 555.915,
    "eval_steps_per_second": 9.005
}